Workbook

Sheet Customers
A1: customer_id | B1: segment | C1: country | D1: acquisition_channel | E1: signup_date
A2: C001 | B2: Startup | C2: Indonesia | D2: Google Ads | E2: 45660
A3: C002 | B3: Startup | C3: Indonesia | D3: Google Ads | E3: 45662
A4: C003 | B4: Startup | C4: Indonesia | D4: Google Ads | E4: 45664
A5: C004 | B5: Startup | C5: Indonesia | D5: Google Ads | E5: 45667
A6: C005 | B6: Startup | C6: Indonesia | D6: Google Ads | E6: 45669
A7: C006 | B7: Startup | C7: Indonesia | D7: Google Ads | E7: 45672
A8: C007 | B8: Startup | C8: Indonesia | D8: Google Ads | E8: 45675
A9: C008 | B9: Startup | C9: Indonesia | D9: Google Ads | E9: 45679
A10: C009 | B10: Startup | C10: Indonesia | D10: Google Ads | E10: 45682
A11: C010 | B11: Startup | C11: Indonesia | D11: Google Ads | E11: 45685
A12: C011 | B12: Startup | C12: Indonesia | D12: Google Ads | E12: 45690
A13: C012 | B13: Startup | C13: Indonesia | D13: Google Ads | E13: 45693
... A151: C150 | B151: Enterprise | C151: United Kingdom | D151: Organic | E151: 45986

Sheet Revenue by Segment
A3: Row Labels | B3: Sum of mrr
A4: Basic | B4: 3675
A5: Enterprise | B5: 12475
A6: Pro | B6: 7450
A7: Grand Total | B7: 23600

Sheet Active VS Churned
A3: Row Labels | B3: Count of customer_id
A4: Active | B4: 120
A5: Churned | B5: 30
A6: Grand Total | B6: 150

Sheet Subscriptions
A1: customer_id | B1: plan | C1: mrr | D1: status | E1: start_date | F1: end_date
A2: C001 | B2: Basic | C2: 49 | D2: Active | E2: =Customers!E2 -> 45660
A3: C002 | B3: Basic | C3: 49 | D3: Active | E3: =Customers!E3 -> 45662
A4: C003 | B4: Basic | C4: 49 | D4: Active | E4: =Customers!E4 -> 45664
A5: C004 | B5: Basic | C5: 49 | D5: Active | E5: =Customers!E5 -> 45667
A6: C005 | B6: Basic | C6: 49 | D6: Churned | E6: =Customers!E6 -> 45669 | F6: 45759
A7: C006 | B7: Basic | C7: 49 | D7: Active | E7: =Customers!E7 -> 45672
A8: C007 | B8: Basic | C8: 49 | D8: Active | E8: =Customers!E8 -> 45675
A9: C008 | B9: Basic | C9: 49 | D9: Active | E9: =Customers!E9 -> 45679
A10: C009 | B10: Basic | C10: 49 | D10: Active | E10: =Customers!E10 -> 45682
A11: C010 | B11: Basic | C11: 49 | D11: Churned | E11: =Customers!E11 -> 45685 | F11: 45774
A12: C011 | B12: Basic | C12: 49 | D12: Active | E12: =Customers!E12 -> 45690
A13: C012 | B13: Basic | C13: 49 | D13: Active | E13: =Customers!E13 -> 45693
A14: C013 | B14: Basic | C14: 49 | D14: Active | E14: =Customers!E14 -> 45696
A15: C014 | B15: Basic | C15: 49 | D15: Active | E15: =Customers!E15 -> 45698
A16: C015 | B16: Basic | C16: 49 | D16: Churned | E16: =Customers!E16 -> 45701 | F16: 45780
A17: C016 | B17: Basic | C17: 49 | D17: Active | E17: =Customers!E17 -> 45704
A18: C017 | B18: Basic | C18: 49 | D18: Active | E18: =Customers!E18 -> 45706
A19: C018 | B19: Basic | C19: 49 | D19: Active | E19: =Customers!E19 -> 45709
A20: C019 | B20: Basic | C20: 49 | D20: Active | E20: =Customers!E20 -> 45712
A21: C020 | B21: Basic | C21: 49 | D21: Churned | E21: =Customers!E21 -> 45715 | F21: 45795
A22: C021 | B22: Basic | C22: 49 | D22: Active | E22: =Customers!E22 -> 45718
A23: C022 | B23: Basic | C23: 49 | D23: Active | E23: =Customers!E23 -> 45720
A24: C023 | B24: Basic | C24: 49 | D24: Active | E24: =Customers!E24 -> 45722
A25: C024 | B25: Basic | C25: 49 | D25: Active | E25: =Customers!E25 -> 45724
A26: C025 | B26: Basic | C26: 49 | D26: Churned | E26: =Customers!E26 -> 45726 | F26: 45795
A27: C026 | B27: Basic | C27: 49 | D27: Active | E27: =Customers!E27 -> 45728
A28: C027 | B28: Basic | C28: 49 | D28: Active | E28: =Customers!E28 -> 45730
A29: C028 | B29: Basic | C29: 49 | D29: Active | E29: =Customers!E29 -> 45732
A30: C029 | B30: Basic | C30: 49 | D30: Active | E30: =Customers!E30 -> 45734
A31: C030 | B31: Basic | C31: 49 | D31: Churned | E31: =Customers!E31 -> 45736 | F31: 45806
A32: C031 | B32: Basic | C32: 49 | D32: Active | E32: =Customers!E32 -> 45740
A33: C032 | B33: Basic | C33: 49 | D33: Active | E33: =Customers!E33 -> 45744
A34: C033 | B34: Basic | C34: 49 | D34: Active | E34: =Customers!E34 -> 45749
A35: C034 | B35: Basic | C35: 49 | D35: Active | E35: =Customers!E35 -> 45751
A36: C035 | B36: Basic | C36: 49 | D36: Churned | E36: =Customers!E36 -> 45753 | F36: 45815
A37: C036 | B37: Basic | C37: 49 | D37: Active | E37: =Customers!E37 -> 45755
A38: C037 | B38: Basic | C38: 49 | D38: Active | E38: =Customers!E38 -> 45757
A39: C038 | B39: Basic | C39: 49 | D39: Active | E39: =Customers!E39 -> 45759
A40: C039 | B40: Basic | C40: 49 | D40: Active | E40: =Customers!E40 -> 45761
A41: C040 | B41: Basic | C41: 49 | D41: Churned | E41: =Customers!E41 -> 45763 | F41: 45823
A42: C041 | B42: Basic | C42: 49 | D42: Active | E42: =Customers!E42 -> 45765
A43: C042 | B43: Basic | C43: 49 | D43: Active | E43: =Customers!E43 -> 45767
A44: C043 | B44: Basic | C44: 49 | D44: Active | E44: =Customers!E44 -> 45771
A45: C044 | B45: Basic | C45: 49 | D45: Active | E45: =Customers!E45 -> 45775
A46: C045 | B46: Basic | C46: 49 | D46: Churned | E46: =Customers!E46 -> 45779 | F46: 45836
A47: C046 | B47: Basic | C47: 49 | D47: Active | E47: =Customers!E47 -> 45781
A48: C047 | B48: Basic | C48: 49 | D48: Active | E48: =Customers!E48 -> 45783
A49: C048 | B49: Basic | C49: 49 | D49: Active | E49: =Customers!E49 -> 45786
A50: C049 | B50: Basic | C50: 49 | D50: Active | E50: =Customers!E50 -> 45788
A51: C050 | B51: Basic | C51: 49 | D51: Churned | E51: =Customers!E51 -> 45791 | F51: 45842
A52: C051 | B52: Basic | C52: 49 | D52: Active | E52: =Customers!E52 -> 45793
A53: C052 | B53: Basic | C53: 49 | D53: Active | E53: =Customers!E53 -> 45795
A54: C053 | B54: Basic | C54: 49 | D54: Active | E54: =Customers!E54 -> 45798
A55: C054 | B55: Basic | C55: 49 | D55: Active | E55: =Customers!E55 -> 45801
A56: C055 | B56: Basic | C56: 49 | D56: Churned | E56: =Customers!E56 -> 45804 | F56: 45854
A57: C056 | B57: Basic | C57: 49 | D57: Active | E57: =Customers!E57 -> 45807
A58: C057 | B58: Basic | C58: 49 | D58: Active | E58: =Customers!E58 -> 45810
A59: C058 | B59: Basic | C59: 49 | D59: Active | E59: =Customers!E59 -> 45812
A60: C059 | B60: Basic | C60: 49 | D60: Active | E60: =Customers!E60 -> 45815
A61: C060 | B61: Basic | C61: 49 | D61: Churned | E61: =Customers!E61 -> 45817 | F61: 45863
A62: C061 | B62: Basic | C62: 49 | D62: Active | E62: =Customers!E62 -> 45820
A63: C062 | B63: Basic | C63: 49 | D63: Active | E63: =Customers!E63 -> 45822
A64: C063 | B64: Basic | C64: 49 | D64: Active | E64: =Customers!E64 -> 45825
A65: C064 | B65: Basic | C65: 49 | D65: Churned | E65: =Customers!E65 -> 45827 | F65: 45871
A66: C065 | B66: Basic | C66: 49 | D66: Active | E66: =Customers!E66 -> 45830
A67: C066 | B67: Basic | C67: 49 | D67: Active | E67: =Customers!E67 -> 45832
A68: C067 | B68: Basic | C68: 49 | D68: Active | E68: =Customers!E68 -> 45835
A69: C068 | B69: Basic | C69: 49 | D69: Active | E69: =Customers!E69 -> 45838
A70: C069 | B70: Basic | C70: 49 | D70: Active | E70: =Customers!E70 -> 45840
A71: C070 | B71: Basic | C71: 49 | D71: Churned | E71: =Customers!E71 -> 45843 | F71: 45883
A72: C071 | B72: Basic | C72: 49 | D72: Active | E72: =Customers!E72 -> 45845
A73: C072 | B73: Basic | C73: 49 | D73: Active | E73: =Customers!E73 -> 45848
A74: C073 | B74: Basic | C74: 49 | D74: Active | E74: =Customers!E74 -> 45850
A75: C074 | B75: Basic | C75: 49 | D75: Active | E75: =Customers!E75 -> 45853
A76: C075 | B76: Basic | C76: 49 | D76: Churned | E76: =Customers!E76 -> 45855 | F76: 45896
A77: C076 | B77: Pro | C77: 149 | D77: Active | E77: =Customers!E77 -> 45858
A78: C077 | B78: Pro | C78: 149 | D78: Active | E78: =Customers!E78 -> 45860
A79: C078 | B79: Pro | C79: 149 | D79: Active | E79: =Customers!E79 -> 45863
A80: C079 | B80: Pro | C80: 149 | D80: Active | E80: =Customers!E80 -> 45865
A81: C080 | B81: Pro | C81: 149 | D81: Churned | E81: =Customers!E81 -> 45868 | F81: 45905
A82: C081 | B82: Pro | C82: 149 | D82: Active | E82: =Customers!E82 -> 45871
A83: C082 | B83: Pro | C83: 149 | D83: Active | E83: =Customers!E83 -> 45874
A84: C083 | B84: Pro | C84: 149 | D84: Active | E84: =Customers!E84 -> 45876
A85: C084 | B85: Pro | C85: 149 | D85: Active | E85: =Customers!E85 -> 45879
A86: C085 | B86: Pro | C86: 149 | D86: Churned | E86: =Customers!E86 -> 45881 | F86: 45913
A87: C086 | B87: Pro | C87: 149 | D87: Active | E87: =Customers!E87 -> 45884
A88: C087 | B88: Pro | C88: 149 | D88: Active | E88: =Customers!E88 -> 45886
A89: C088 | B89: Pro | C89: 149 | D89: Active | E89: =Customers!E89 -> 45889
A90: C089 | B90: Pro | C90: 149 | D90: Active | E90: =Customers!E90 -> 45891
A91: C090 | B91: Pro | C91: 149 | D91: Churned | E91: =Customers!E91 -> 45894 | F91: 45924
A92: C091 | B92: Pro | C92: 149 | D92: Active | E92: =Customers!E92 -> 45896
A93: C092 | B93: Pro | C93: 149 | D93: Active | E93: =Customers!E93 -> 45899
A94: C093 | B94: Pro | C94: 149 | D94: Active | E94: =Customers!E94 -> 45902
A95: C094 | B95: Pro | C95: 149 | D95: Active | E95: =Customers!E95 -> 45905
A96: C095 | B96: Pro | C96: 149 | D96: Churned | E96: =Customers!E96 -> 45907 | F96: 45932
A97: C096 | B97: Pro | C97: 149 | D97: Active | E97: =Customers!E97 -> 45910
A98: C097 | B98: Pro | C98: 149 | D98: Active | E98: =Customers!E98 -> 45912
A99: C098 | B99: Pro | C99: 149 | D99: Active | E99: =Customers!E99 -> 45915
A100: C099 | B100: Pro | C100: 149 | D100: Active | E100: =Customers!E100 -> 45917
...

Sheet CAC by Channel
A3: Row Labels | B3: Average of CAC
A4: Facebook Ads | B4: 43.237902
A5: Google Ads | B5: 49.931582
A6: LinkedIn Ads | B6: 90.717864
A7: Organic | B7: 9.2668732
A8: Referral | B8: 20.002769
A9: Grand Total | B9: 42.631398

Sheet Signups by Channel
A3: Row Labels | B3: Sum of signups
A4: Facebook Ads | B4: 1125
A5: Google Ads | B5: 1466
A6: LinkedIn Ads | B6: 674
A7: Organic | B7: 823
A8: Referral | B8: 885
A9: Grand Total | B9: 4973

Sheet Marketing_Spend
A1: month | B1: channel | C1: spend | D1: signups | E1: CAC
A2: 45658 | B2: Google Ads | C2: 5000 | D2: 100 | E2: =C2/D2 -> 50
A3: 45658 | B3: Facebook Ads | C3: 3500 | D3: 80 | E3: =C3/D3 -> 43.75
A4: 45658 | B4: LinkedIn Ads | C4: 4500 | D4: 45 | E4: =C4/D4 -> 100
A5: 45658 | B5: Referral | C5: 1200 | D5: 60 | E5: =C5/D5 -> 20
A6: 45658 | B6: Organic | C6: 500 | D6: 55 | E6: =C6/D6 -> 9.0909091
A7: 45689 | B7: Google Ads | C7: 5200 | D7: 105 | E7: =C7/D7 -> 49.52381
A8: 45689 | B8: Facebook Ads | C8: 3600 | D8: 82 | E8: =C8/D8 -> 43.902439
A9: 45689 | B9: LinkedIn Ads | C9: 4600 | D9: 47 | E9: =C9/D9 -> 97.87234
A10: 45689 | B10: Referral | C10: 1250 | D10: 62 | E10: =C10/D10 -> 20.16129
A11: 45689 | B11: Organic | C11: 520 | D11: 58 | E11: =C11/D11 -> 8.9655172
A12: 45717 | B12: Google Ads | C12: 5400 | D12: 108 | E12: =C12/D12 -> 50
A13: 45717 | B13: Facebook Ads | C13: 3700 | D13: 85 | E13: =C13/D13 -> 43.529412
... A61: 45992 | B61: Organic | C61: 780 | D61: 82 | E61: =C61/D61 -> 9.5121951

Sheet Revenue Summary
A1: Month | B1: Revenue
A2: 45682 | B2: 5500
A3: 45713 | B3: 6300
A4: 45741 | B4: 7400
A5: 45772 | B5: 8500
A6: 45802 | B6: 9800
A7: 45833 | B7: 11200
A8: 45863 | B8: 12900
A9: 45894 | B9: 14700
A10: 45925 | B10: 16800
A11: 45955 | B11: 19000
A12: 45986 | B12: 21500
A13: 46016 | B13: 24000

Sheet KPI_Calculations
A1: KPI | B1: Value
A2: Total Customers | B2: =COUNTA(Customers!A2:A151) -> 150
A3: Active Customers | B3: =COUNTIF(Subscriptions!D:D, "Active") -> 120
A4: Churned Customers | B4: =COUNTIF(Subscriptions!D:D, "Churned") -> 30
A5: Churn Rate | B5: =B4/B2 -> 0.2
A6: Average CAC | B6: =AVERAGE(Marketing_Spend!E:E) -> 42.631398
A7: Total MRR | B7: =SUM(Subscriptions!C:C) -> 23600
A8: ARPU (Average Revenue Per User) | B8: =B7/B2 -> 157.33333
A9: Average Lifetime | B9: =1/B5 -> 5
A10: LTV (Lifetime Value) | B10: =B8*B9 -> 786.66667
A11: LTV/CAC Ratio | B11: =B10/B6 -> 18.452753
